case_id,onset_date,report_date,neighborhood,age_group,lon,lat
20240096,2024-01-01,2024-01-12,La Base,15-29,-76.478044,3.475124
20240361,2024-01-01,2024-01-15,Melendez,30-49,-76.538438,3.380967
20240217,2024-01-02,2024-01-10,Aguablanca,0-14,-76.490223,3.408564
20240306,2024-01-02,2024-01-06,La Base,0-14,-76.475155,3.468765
20240121,2024-01-03,2024-01-10,El Retiro,30-49,-76.504118,3.399567
20240334,2024-01-03,2024-01-13,El Retiro,30-49,-76.524477,3.392135
20240241,2024-01-04,2024-01-14,El Retiro,30-49,-76.521251,3.400002
20240004,2024-01-05,2024-01-14,Siloe,30-49,-76.566477,3.413481
20240225,2024-01-05,2024-01-17,Aguablanca,15-29,-76.472558,3.39181
20240397,2024-01-06,2024-01-14,Aguablanca,50+,-76.489121,3.405555
20240398,2024-01-06,2024-01-20,San Nicolas,15-29,-76.519559,3.441877
20240001,2024-01-07,2024-01-15,Melendez,15-29,-76.52732,3.373116
20240271,2024-01-07,2024-01-12,Terron,30-49,-76.565512,3.469053
20240394,2024-01-07,2024-01-11,Aguablanca,50+,-76.473418,3.397845
20240250,2024-01-09,2024-01-15,El Retiro,50+,-76.504987,3.397218
20240417,2024-01-09,2024-01-15,Melendez,15-29,-76.529519,3.394405
20240184,2024-01-10,2024-01-14,La Base,50+,-76.478045,3.463816
20240122,2024-01-12,2024-01-18,Siloe,30-49,-76.586926,3.425628
20240022,2024-01-13,2024-01-22,El Retiro,30-49,-76.511185,3.388921
20240224,2024-01-13,2024-01-22,Siloe,15-29,-76.54443,3.424863
20240331,2024-01-14,2024-01-21,El Retiro,50+,-76.512786,3.403473
20240359,2024-01-14,2024-01-17,El Retiro,15-29,-76.528857,3.408395
20240265,2024-01-15,2024-01-20,El Retiro,50+,-76.515501,3.39634
20240421,2024-01-15,2024-01-29,El Retiro,15-29,-76.509561,3.40046
20240470,2024-01-15,2024-01-26,El Retiro,30-49,-76.489699,3.393644
20240231,2024-01-17,2024-01-20,Siloe,15-29,-76.572786,3.434414
20240412,2024-01-17,2024-01-27,Siloe,30-49,-76.548845,3.41514
20240262,2024-01-18,2024-01-28,El Retiro,0-14,-76.503101,3.391896
20240292,2024-01-18,2024-01-23,Melendez,30-49,-76.5668,3.396615
20240418,2024-01-18,2024-01-28,Melendez,50+,-76.567261,3.384246
20240442,2024-01-18,2024-01-31,Siloe,50+,-76.580504,3.410711
20240178,2024-01-19,2024-02-01,Melendez,0-14,-76.556947,3.391107
20240049,2024-01-20,2024-02-01,San Nicolas,0-14,-76.557105,3.448521
20240293,2024-01-22,2024-01-28,Floralia,0-14,-76.510403,3.471321
20240258,2024-01-23,2024-01-27,El Retiro,50+,-76.513879,3.398233
20240273,2024-01-23,2024-01-28,Melendez,30-49,-76.541285,3.381752
20240325,2024-01-23,2024-01-26,El Retiro,15-29,-76.515978,3.396357
20240097,2024-01-24,2024-01-30,El Retiro,15-29,-76.504297,3.39884
20240302,2024-01-27,2024-02-05,San Nicolas,30-49,-76.530532,3.431173
20240358,2024-01-27,2024-02-05,El Retiro,30-49,-76.519815,3.423819
20240403,2024-01-27,2024-02-05,San Nicolas,15-29,-76.54769,3.456343
20240290,2024-01-28,2024-02-05,Floralia,0-14,-76.519181,3.479476
20240321,2024-01-28,2024-02-02,Terron,50+,-76.56297,3.465731
20240072,2024-01-29,2024-02-03,El Retiro,15-29,-76.514728,3.400479
20240491,2024-01-29,2024-02-05,El Retiro,15-29,-76.517302,3.401641
20240496,2024-01-29,2024-02-10,El Retiro,0-14,-76.510951,3.398996
20240019,2024-01-30,2024-02-07,Floralia,0-14,-76.517714,3.478307
20240364,2024-01-30,2024-02-11,El Retiro,15-29,-76.520253,3.402028
20240390,2024-01-30,2024-02-13,Aguablanca,15-29,-76.491352,3.428757
20240239,2024-01-31,2024-02-03,El Retiro,0-14,-76.504101,3.395339
20240129,2024-02-01,2024-02-09,La Base,0-14,-76.47721,3.475228
20240135,2024-02-01,2024-02-05,Floralia,30-49,-76.5214,3.479525
20240261,2024-02-01,2024-02-14,Floralia,15-29,-76.520603,3.477908
20240375,2024-02-01,2024-02-11,Floralia,30-49,-76.523654,3.477594
20240447,2024-02-01,2024-02-09,Aguablanca,50+,-76.465176,3.408828
20240218,2024-02-02,2024-02-06,Floralia,15-29,-76.517568,3.477409
20240263,2024-02-02,2024-02-12,La Base,30-49,-76.507698,3.464654
20240408,2024-02-02,2024-02-13,Floralia,0-14,-76.523099,3.4769
20240011,2024-02-03,2024-02-13,Floralia,30-49,-76.523037,3.478526
20240043,2024-02-03,2024-02-06,San Nicolas,15-29,-76.530269,3.452059
20240165,2024-02-03,2024-02-13,Floralia,15-29,-76.518485,3.476661
20240190,2024-02-03,2024-02-17,Floralia,0-14,-76.518189,3.479948
20240309,2024-02-03,2024-02-17,Floralia,15-29,-76.52082,3.476856
20240314,2024-02-03,2024-02-06,Floralia,30-49,-76.5224,3.477567
20240354,2024-02-03,2024-02-09,Floralia,0-14,-76.519825,3.482346
20240089,2024-02-04,2024-02-12,Floralia,0-14,-76.518484,3.478596
20240093,2024-02-04,2024-02-17,Floralia,15-29,-76.519457,3.477532
20240130,2024-02-04,2024-02-13,La Base,15-29,-76.504415,3.449018
20240171,2024-02-04,2024-02-09,La Base,15-29,-76.47082,3.468434
20240079,2024-02-05,2024-02-19,Floralia,0-14,-76.521187,3.478782
20240143,2024-02-05,2024-02-09,Floralia,30-49,-76.521322,3.479603
20240278,2024-02-05,2024-02-08,El Retiro,50+,-76.511616,3.397739
20240295,2024-02-05,2024-02-10,Floralia,0-14,-76.518709,3.475989
20240297,2024-02-05,2024-02-14,Floralia,30-49,-76.522173,3.481137
20240343,2024-02-05,2024-02-17,Floralia,30-49,-76.51629,3.479923
20240380,2024-02-05,2024-02-18,Floralia,50+,-76.521395,3.474054
20240422,2024-02-05,2024-02-13,Aguablanca,30-49,-76.464002,3.405874
20240427,2024-02-05,2024-02-17,Floralia,50+,-76.521486,3.474746
20240066,2024-02-06,2024-02-12,Floralia,0-14,-76.524769,3.478572
20240090,2024-02-06,2024-02-10,Floralia,50+,-76.536927,3.472293
20240237,2024-02-06,2024-02-19,Floralia,15-29,-76.520217,3.4792
20240248,2024-02-06,2024-02-11,El Retiro,0-14,-76.521545,3.392578
20240272,2024-02-06,2024-02-18,Floralia,50+,-76.520992,3.476555
20240299,2024-02-06,2024-02-19,Floralia,0-14,-76.522783,3.476441
20240337,2024-02-06,2024-02-14,Melendez,30-49,-76.535579,3.382474
20240341,2024-02-06,2024-02-13,Floralia,30-49,-76.518288,3.477246
20240363,2024-02-06,2024-02-12,Floralia,30-49,-76.518249,3.4777
20240387,2024-02-06,2024-02-09,Aguablanca,0-14,-76.4788,3.437087
20240104,2024-02-07,2024-02-13,Floralia,15-29,-76.518285,3.477012
20240155,2024-02-07,2024-02-10,Floralia,30-49,-76.521998,3.477882
20240170,2024-02-07,2024-02-15,Floralia,30-49,-76.518859,3.480612
20240312,2024-02-07,2024-02-19,Floralia,30-49,-76.521809,3.481115
20240045,2024-02-08,2024-02-15,Floralia,0-14,-76.518695,3.48208
20240109,2024-02-08,2024-02-17,Floralia,50+,-76.521548,3.47485
20240131,2024-02-08,2024-02-15,Floralia,30-49,-76.519912,3.477095
20240179,2024-02-08,2024-02-15,Melendez,0-14,-76.573708,3.37875
20240202,2024-02-08,2024-02-17,Terron,30-49,-76.561344,3.486146
20240227,2024-02-08,2024-02-14,Floralia,0-14,-76.517603,3.479676
20240318,2024-02-08,2024-02-15,Floralia,0-14,-76.519206,3.476623
20240356,2024-02-08,2024-02-14,Floralia,30-49,-76.520461,3.480102
20240393,2024-02-08,2024-02-19,Floralia,50+,-76.524342,3.477745
20240409,2024-02-08,2024-02-12,Floralia,50+,-76.524465,3.479764
20240203,2024-02-09,2024-02-22,Floralia,30-49,-76.521653,3.477083
20240300,2024-02-09,2024-02-16,Floralia,15-29,-76.520219,3.478329
20240323,2024-02-09,2024-02-17,Floralia,30-49,-76.520205,3.478368
20240032,2024-02-10,2024-02-24,Floralia,0-14,-76.522226,3.477332
20240080,2024-02-10,2024-02-23,Floralia,50+,-76.517277,3.480307
20240094,2024-02-10,2024-02-23,Floralia,15-29,-76.517043,3.478186
20240095,2024-02-10,2024-02-13,Floralia,30-49,-76.522396,3.475504
20240212,2024-02-10,2024-02-23,Aguablanca,50+,-76.502786,3.416712
20240320,2024-02-10,2024-02-18,Floralia,30-49,-76.519191,3.479468
20240420,2024-02-10,2024-02-20,Siloe,15-29,-76.541101,3.422461
20240425,2024-02-10,2024-02-18,Floralia,0-14,-76.518366,3.478168
20240437,2024-02-10,2024-02-13,Floralia,15-29,-76.520077,3.480117
20240067,2024-02-11,2024-02-22,Floralia,0-14,-76.520514,3.476402
20240083,2024-02-11,2024-02-22,El Retiro,15-29,-76.515779,3.395156
20240200,2024-02-11,2024-02-24,Floralia,30-49,-76.519248,3.477439
20240330,2024-02-11,2024-02-22,Floralia,15-29,-76.517301,3.478012
20240351,2024-02-11,2024-02-24,Floralia,0-14,-76.519267,3.477392
20240395,2024-02-11,2024-02-23,Terron,50+,-76.564569,3.479004
20240424,2024-02-11,2024-02-25,Floralia,50+,-76.517983,3.478908
20240494,2024-02-11,2024-02-20,Floralia,50+,-76.521146,3.480366
20240091,2024-02-12,2024-02-18,Floralia,50+,-76.518297,3.481211
20240105,2024-02-12,2024-02-23,Floralia,30-49,-76.522251,3.484997
20240172,2024-02-12,2024-02-17,Floralia,50+,-76.522203,3.480056
20240279,2024-02-12,2024-02-16,Floralia,50+,-76.519028,3.47942
20240317,2024-02-12,2024-02-18,Floralia,50+,-76.517218,3.476973
20240374,2024-02-12,2024-02-24,Floralia,50+,-76.519428,3.482228
20240460,2024-02-12,2024-02-16,Floralia,30-49,-76.520478,3.477018
20240483,2024-02-12,2024-02-25,Floralia,0-14,-76.515153,3.477262
20240026,2024-02-13,2024-02-17,Floralia,0-14,-76.524548,3.477061
20240038,2024-02-13,2024-02-24,Floralia,15-29,-76.519435,3.482129
20240328,2024-02-13,2024-02-25,El Retiro,15-29,-76.495243,3.407838
20240455,2024-02-13,2024-02-24,Floralia,30-49,-76.516245,3.477004
20240014,2024-02-14,2024-02-23,El Retiro,30-49,-76.504568,3.39657
20240289,2024-02-14,2024-02-22,Floralia,15-29,-76.521897,3.474516
20240488,2024-02-14,2024-02-22,Floralia,30-49,-76.517564,3.481442
20240033,2024-02-15,2024-02-20,El Retiro,30-49,-76.508969,3.396833
20240111,2024-02-15,2024-02-18,Aguablanca,15-29,-76.459231,3.409363
20240305,2024-02-15,2024-02-18,Floralia,15-29,-76.520856,3.480154
20240339,2024-02-15,2024-02-18,Siloe,30-49,-76.564973,3.424584
20240042,2024-02-16,2024-02-20,San Nicolas,15-29,-76.556072,3.44343
20240071,2024-02-17,2024-03-01,San Nicolas,0-14,-76.54854,3.473512
20240077,2024-02-18,2024-02-24,Floralia,50+,-76.522327,3.507502
20240098,2024-02-18,2024-03-03,La Base,50+,-76.472792,3.473102
20240176,2024-02-18,2024-02-23,La Base,30-49,-76.512179,3.464033
20240473,2024-02-18,2024-02-22,El Retiro,50+,-76.491472,3.399254
20240036,2024-02-20,2024-03-05,El Retiro,15-29,-76.479905,3.38815
20240125,2024-02-20,2024-03-04,La Base,50+,-76.496439,3.475183
20240445,2024-02-20,2024-03-04,Aguablanca,15-29,-76.476277,3.442864
20240106,2024-02-21,2024-02-28,El Retiro,50+,-76.515927,3.393391
20240232,2024-02-21,2024-02-24,San Nicolas,15-29,-76.559198,3.451872
20240238,2024-02-21,2024-03-01,El Retiro,15-29,-76.511494,3.398295
20240257,2024-02-21,2024-02-29,El Retiro,30-49,-76.518009,3.390589
20240448,2024-02-21,2024-03-01,Floralia,0-14,-76.529796,3.492354
20240211,2024-02-22,2024-03-06,Floralia,50+,-76.541244,3.488086
20240222,2024-02-22,2024-03-02,El Retiro,30-49,-76.50964,3.401881
20240284,2024-02-22,2024-02-27,La Base,30-49,-76.467879,3.455715
20240429,2024-02-22,2024-03-05,Aguablanca,0-14,-76.479441,3.448887
20240126,2024-02-27,2024-03-10,Melendez,30-49,-76.578263,3.385104
20240352,2024-02-27,2024-03-03,El Retiro,30-49,-76.511856,3.394941
20240269,2024-02-29,2024-03-10,Siloe,15-29,-76.575084,3.430249
20240276,2024-02-29,2024-03-10,Terron,30-49,-76.548937,3.485966
20240431,2024-02-29,2024-03-03,Melendez,30-49,-76.547559,3.39973
20240287,2024-03-01,2024-03-14,Floralia,15-29,-76.493665,3.493232
20240085,2024-03-02,2024-03-15,San Nicolas,0-14,-76.550882,3.457127
20240244,2024-03-02,2024-03-14,El Retiro,0-14,-76.511159,3.400595
20240159,2024-03-03,2024-03-07,El Retiro,15-29,-76.519236,3.406055
20240118,2024-03-06,2024-03-10,El Retiro,30-49,-76.521852,3.401483
20240303,2024-03-06,2024-03-13,Floralia,30-49,-76.512122,3.471837
20240499,2024-03-07,2024-03-13,Aguablanca,30-49,-76.469634,3.411977
20240401,2024-03-08,2024-03-14,El Retiro,50+,-76.510365,3.401736
20240469,2024-03-08,2024-03-15,Melendez,50+,-76.549341,3.398322
20240150,2024-03-09,2024-03-12,El Retiro,15-29,-76.482366,3.389212
20240324,2024-03-09,2024-03-12,Floralia,30-49,-76.524344,3.465399
20240078,2024-03-10,2024-03-21,El Retiro,50+,-76.484744,3.382386
20240132,2024-03-10,2024-03-22,El Retiro,50+,-76.50916,3.395023
20240385,2024-03-11,2024-03-23,El Retiro,15-29,-76.509261,3.399214
20240489,2024-03-11,2024-03-22,El Retiro,15-29,-76.486435,3.389883
20240007,2024-03-12,2024-03-17,El Retiro,50+,-76.508398,3.398532
20240326,2024-03-12,2024-03-18,Aguablanca,15-29,-76.475564,3.419212
20240023,2024-03-13,2024-03-23,Aguablanca,30-49,-76.480466,3.42815
20240054,2024-03-13,2024-03-27,Melendez,30-49,-76.537019,3.374569
20240204,2024-03-13,2024-03-25,Aguablanca,30-49,-76.491078,3.425425
20240133,2024-03-14,2024-03-26,El Retiro,50+,-76.504886,3.413754
20240266,2024-03-14,2024-03-21,El Retiro,50+,-76.512504,3.39264
20240137,2024-03-15,2024-03-26,Floralia,30-49,-76.527653,3.470208
20240264,2024-03-15,2024-03-18,Aguablanca,30-49,-76.482956,3.43079
20240433,2024-03-15,2024-03-21,Aguablanca,30-49,-76.48521,3.424608
20240102,2024-03-16,2024-03-30,Aguablanca,50+,-76.487709,3.420042
20240342,2024-03-16,2024-03-28,Aguablanca,15-29,-76.485377,3.429246
20240478,2024-03-16,2024-03-30,Siloe,0-14,-76.564768,3.404115
20240482,2024-03-16,2024-03-28,Aguablanca,15-29,-76.48281,3.426411
20240100,2024-03-17,2024-03-25,El Retiro,0-14,-76.506818,3.396365
20240196,2024-03-17,2024-03-23,Aguablanca,0-14,-76.480665,3.428623
20240246,2024-03-17,2024-03-29,Aguablanca,30-49,-76.488445,3.426065
20240487,2024-03-17,2024-03-25,Aguablanca,30-49,-76.483977,3.426204
20240030,2024-03-18,2024-03-25,Aguablanca,50+,-76.486655,3.431231
20240037,2024-03-18,2024-03-24,Aguablanca,30-49,-76.48941,3.428844
20240270,2024-03-18,2024-03-21,Aguablanca,15-29,-76.486246,3.401902
20240280,2024-03-18,2024-03-21,Aguablanca,15-29,-76.48726,3.426125
20240383,2024-03-18,2024-03-27,Aguablanca,15-29,-76.483747,3.428426
20240410,2024-03-18,2024-03-21,El Retiro,15-29,-76.512134,3.379368
20240472,2024-03-18,2024-03-25,Aguablanca,15-29,-76.484527,3.426959
20240009,2024-03-19,2024-04-02,El Retiro,0-14,-76.515477,3.401943
20240035,2024-03-19,2024-03-31,Aguablanca,15-29,-76.488999,3.425862
20240055,2024-03-19,2024-03-22,Aguablanca,50+,-76.489975,3.429637
20240108,2024-03-19,2024-04-02,Aguablanca,15-29,-76.484822,3.428108
20240138,2024-03-19,2024-04-01,Aguablanca,15-29,-76.487215,3.427489
20240144,2024-03-19,2024-03-23,Aguablanca,0-14,-76.484982,3.423968
20240193,2024-03-19,2024-04-01,Aguablanca,30-49,-76.488269,3.429645
20240282,2024-03-19,2024-04-01,El Retiro,50+,-76.504116,3.405428
20240311,2024-03-19,2024-03-25,Aguablanca,30-49,-76.483293,3.422821
20240396,2024-03-19,2024-04-01,Aguablanca,0-14,-76.486543,3.431944
20240453,2024-03-19,2024-03-22,Aguablanca,50+,-76.482967,3.426467
20240002,2024-03-20,2024-03-31,El Retiro,0-14,-76.511266,3.392889
20240024,2024-03-20,2024-03-23,Aguablanca,15-29,-76.485994,3.426699
20240075,2024-03-20,2024-04-02,Aguablanca,30-49,-76.486664,3.428529
20240124,2024-03-20,2024-03-25,Aguablanca,0-14,-76.481744,3.423577
20240136,2024-03-20,2024-03-31,Aguablanca,50+,-76.483657,3.429401
20240296,2024-03-20,2024-03-30,Aguablanca,50+,-76.4857,3.425854
20240399,2024-03-20,2024-03-29,Aguablanca,0-14,-76.481337,3.425575
20240016,2024-03-21,2024-03-25,Aguablanca,50+,-76.483064,3.428514
20240063,2024-03-21,2024-03-27,Aguablanca,0-14,-76.483778,3.431418
20240088,2024-03-21,2024-03-25,Aguablanca,50+,-76.482018,3.428438
20240208,2024-03-21,2024-03-31,Aguablanca,0-14,-76.486419,3.426589
20240256,2024-03-21,2024-03-30,Aguablanca,15-29,-76.487321,3.431867
20240307,2024-03-21,2024-03-26,Aguablanca,30-49,-76.48652,3.428412
20240362,2024-03-21,2024-03-30,Aguablanca,30-49,-76.481279,3.430741
20240029,2024-03-22,2024-04-05,Aguablanca,15-29,-76.484274,3.426712
20240039,2024-03-22,2024-03-29,Aguablanca,15-29,-76.48587,3.426072
20240101,2024-03-22,2024-04-05,Aguablanca,0-14,-76.486841,3.425443
20240103,2024-03-22,2024-03-26,Aguablanca,30-49,-76.486532,3.429898
20240139,2024-03-22,2024-04-03,Aguablanca,15-29,-76.486359,3.431258
20240163,2024-03-22,2024-03-26,Aguablanca,15-29,-76.484663,3.425049
20240167,2024-03-22,2024-03-27,Aguablanca,50+,-76.489337,3.431378
20240186,2024-03-22,2024-03-25,Aguablanca,0-14,-76.48773,3.426279
20240216,2024-03-22,2024-03-27,Aguablanca,0-14,-76.483572,3.429053
20240243,2024-03-22,2024-03-27,Aguablanca,50+,-76.486444,3.426744
20240255,2024-03-22,2024-03-31,Aguablanca,15-29,-76.484322,3.425037
20240357,2024-03-22,2024-04-03,Aguablanca,30-49,-76.487231,3.423996
20240450,2024-03-22,2024-04-05,Aguablanca,30-49,-76.486755,3.425129
20240466,2024-03-22,2024-03-25,Aguablanca,15-29,-76.486086,3.423616
20240468,2024-03-22,2024-03-30,Aguablanca,50+,-76.480772,3.427587
20240493,2024-03-22,2024-04-01,Aguablanca,50+,-76.485575,3.432016
20240146,2024-03-23,2024-03-28,Aguablanca,30-49,-76.483974,3.429941
20240169,2024-03-23,2024-04-02,Aguablanca,30-49,-76.484793,3.432662
20240188,2024-03-23,2024-03-28,El Retiro,50+,-76.496906,3.379315
20240347,2024-03-23,2024-04-03,Aguablanca,0-14,-76.482533,3.426979
20240371,2024-03-23,2024-04-02,El Retiro,15-29,-76.518007,3.392563
20240416,2024-03-23,2024-03-26,El Retiro,15-29,-76.513608,3.398776
20240457,2024-03-23,2024-04-03,Aguablanca,30-49,-76.4591,3.415418
20240467,2024-03-23,2024-04-05,Aguablanca,0-14,-76.488486,3.431635
20240479,2024-03-23,2024-04-03,Aguablanca,0-14,-76.48811,3.425666
20240046,2024-03-24,2024-04-02,Aguablanca,30-49,-76.487925,3.428194
20240068,2024-03-24,2024-04-03,Aguablanca,15-29,-76.48729,3.426336
20240156,2024-03-24,2024-03-31,Aguablanca,15-29,-76.487742,3.428148
20240162,2024-03-24,2024-04-05,Aguablanca,0-14,-76.486409,3.425179
20240192,2024-03-24,2024-03-28,Aguablanca,30-49,-76.487973,3.425738
20240285,2024-03-24,2024-04-01,Aguablanca,15-29,-76.48354,3.430263
20240286,2024-03-24,2024-04-03,Aguablanca,0-14,-76.486622,3.429943
20240047,2024-03-25,2024-04-04,Aguablanca,15-29,-76.484985,3.422424
20240048,2024-03-25,2024-03-31,Aguablanca,0-14,-76.484252,3.427291
20240062,2024-03-25,2024-03-28,Aguablanca,15-29,-76.486753,3.421467
20240107,2024-03-25,2024-03-28,Aguablanca,0-14,-76.486221,3.426625
20240134,2024-03-25,2024-03-30,Aguablanca,0-14,-76.487215,3.428453
20240149,2024-03-25,2024-04-08,Aguablanca,0-14,-76.489473,3.428469
20240207,2024-03-25,2024-04-05,Aguablanca,0-14,-76.490267,3.43012
20240275,2024-03-25,2024-04-08,Aguablanca,15-29,-76.483471,3.425877
20240304,2024-03-25,2024-04-01,Aguablanca,50+,-76.486258,3.429671
20240313,2024-03-25,2024-04-01,Aguablanca,50+,-76.488776,3.426575
20240367,2024-03-25,2024-04-02,Aguablanca,0-14,-76.485998,3.428195
20240368,2024-03-25,2024-04-08,Aguablanca,0-14,-76.486319,3.42894
20240373,2024-03-25,2024-04-05,Floralia,30-49,-76.527384,3.501877
20240381,2024-03-25,2024-03-28,Siloe,15-29,-76.580999,3.435952
20240382,2024-03-25,2024-03-29,Floralia,15-29,-76.523701,3.475753
20240439,2024-03-25,2024-04-06,El Retiro,15-29,-76.500786,3.403074
20240497,2024-03-25,2024-04-06,Aguablanca,30-49,-76.485409,3.426845
20240015,2024-03-26,2024-04-04,Aguablanca,0-14,-76.488349,3.427236
20240056,2024-03-26,2024-04-01,Aguablanca,30-49,-76.484988,3.427027
20240099,2024-03-26,2024-04-08,El Retiro,0-14,-76.508436,3.396263
20240114,2024-03-26,2024-04-01,Aguablanca,50+,-76.48394,3.433741
20240127,2024-03-26,2024-04-04,Aguablanca,50+,-76.484391,3.426811
20240198,2024-03-26,2024-04-05,Aguablanca,50+,-76.48914,3.432122
20240209,2024-03-26,2024-04-07,Aguablanca,15-29,-76.487064,3.425745
20240335,2024-03-26,2024-04-07,Aguablanca,15-29,-76.486053,3.425747
20240443,2024-03-26,2024-03-31,Aguablanca,15-29,-76.484165,3.42775
20240456,2024-03-26,2024-03-31,Aguablanca,15-29,-76.484577,3.430133
20240182,2024-03-27,2024-04-07,Aguablanca,50+,-76.486484,3.425606
20240215,2024-03-27,2024-03-30,Aguablanca,50+,-76.489589,3.441943
20240226,2024-03-27,2024-04-05,Aguablanca,50+,-76.48728,3.43116
20240247,2024-03-27,2024-04-08,Aguablanca,0-14,-76.485713,3.428799
20240249,2024-03-27,2024-04-08,Terron,30-49,-76.573841,3.463145
20240411,2024-03-27,2024-04-10,Aguablanca,30-49,-76.487398,3.426728
20240490,2024-03-27,2024-04-01,Siloe,30-49,-76.552619,3.42351
20240018,2024-03-28,2024-04-03,La Base,0-14,-76.472454,3.463205
20240119,2024-03-28,2024-03-31,Terron,30-49,-76.557941,3.48337
20240259,2024-03-28,2024-04-09,Aguablanca,15-29,-76.483596,3.426964
20240349,2024-03-28,2024-04-04,Aguablanca,50+,-76.48763,3.423026
20240027,2024-03-29,2024-04-11,Aguablanca,0-14,-76.488581,3.427754
20240044,2024-03-29,2024-04-07,Aguablanca,30-49,-76.483214,3.427403
20240253,2024-03-29,2024-04-06,Aguablanca,0-14,-76.482117,3.431953
20240329,2024-03-29,2024-04-10,Aguablanca,0-14,-76.48634,3.430396
20240384,2024-03-29,2024-04-10,Aguablanca,0-14,-76.484661,3.427125
20240308,2024-03-30,2024-04-04,El Retiro,50+,-76.515138,3.396358
20240389,2024-03-31,2024-04-09,Aguablanca,50+,-76.482315,3.429835
20240413,2024-03-31,2024-04-07,El Retiro,30-49,-76.506861,3.396596
20240449,2024-03-31,2024-04-14,Melendez,0-14,-76.563078,3.387463
20240486,2024-03-31,2024-04-03,Aguablanca,0-14,-76.489176,3.42879
20240031,2024-04-01,2024-04-10,La Base,15-29,-76.491402,3.493726
20240260,2024-04-01,2024-04-08,San Nicolas,15-29,-76.523484,3.4446
20240298,2024-04-01,2024-04-12,Terron,50+,-76.574085,3.469902
20240151,2024-04-02,2024-04-06,Aguablanca,30-49,-76.487057,3.428377
20240414,2024-04-02,2024-04-13,La Base,50+,-76.503724,3.466164
20240438,2024-04-02,2024-04-06,Terron,0-14,-76.557135,3.500499
20240081,2024-04-03,2024-04-15,Floralia,50+,-76.515367,3.50183
20240173,2024-04-03,2024-04-16,Siloe,0-14,-76.550613,3.412902
20240379,2024-04-03,2024-04-09,Floralia,30-49,-76.534223,3.475307
20240020,2024-04-04,2024-04-18,El Retiro,50+,-76.519209,3.401612
20240245,2024-04-04,2024-04-14,Melendez,0-14,-76.554741,3.37559
20240336,2024-04-04,2024-04-16,El Retiro,50+,-76.510552,3.382078
20240070,2024-04-06,2024-04-17,El Retiro,15-29,-76.512561,3.393969
20240344,2024-04-06,2024-04-13,Terron,15-29,-76.566021,3.483391
20240404,2024-04-08,2024-04-14,Terron,50+,-76.556222,3.499141
20240435,2024-04-08,2024-04-11,El Retiro,50+,-76.509425,3.398631
20240464,2024-04-08,2024-04-19,Terron,30-49,-76.576999,3.451912
20240281,2024-04-09,2024-04-14,Melendez,15-29,-76.55756,3.401237
20240405,2024-04-09,2024-04-22,San Nicolas,15-29,-76.523931,3.429671
20240461,2024-04-09,2024-04-12,La Base,15-29,-76.486835,3.493479
20240462,2024-04-11,2024-04-18,El Retiro,50+,-76.507705,3.3952
20240052,2024-04-12,2024-04-16,Aguablanca,0-14,-76.505445,3.434849
20240315,2024-04-12,2024-04-21,Floralia,30-49,-76.503566,3.493605
20240402,2024-04-12,2024-04-25,Terron,30-49,-76.555853,3.469671
20240345,2024-04-14,2024-04-28,San Nicolas,15-29,-76.529966,3.449334
20240376,2024-04-14,2024-04-24,El Retiro,50+,-76.498599,3.379317
20240084,2024-04-16,2024-04-26,Melendez,30-49,-76.542407,3.399749
20240157,2024-04-16,2024-04-30,Aguablanca,30-49,-76.462152,3.425509
20240274,2024-04-17,2024-04-25,El Retiro,0-14,-76.514675,3.402724
20240333,2024-04-18,2024-04-25,Terron,0-14,-76.566778,3.471969
20240228,2024-04-19,2024-05-01,El Retiro,50+,-76.518338,3.401574
20240013,2024-04-20,2024-04-28,Floralia,30-49,-76.545353,3.491551
20240454,2024-04-20,2024-04-24,El Retiro,30-49,-76.507216,3.419777
20240113,2024-04-21,2024-04-27,Siloe,30-49,-76.582945,3.435128
20240120,2024-04-21,2024-04-27,El Retiro,15-29,-76.520333,3.412836
20240386,2024-04-21,2024-05-03,Aguablanca,15-29,-76.506829,3.430521
20240092,2024-04-24,2024-05-03,San Nicolas,30-49,-76.519514,3.445863
20240268,2024-04-25,2024-05-01,El Retiro,0-14,-76.508542,3.397034
20240360,2024-04-25,2024-05-07,San Nicolas,30-49,-76.521595,3.45266
20240327,2024-04-27,2024-05-01,La Base,15-29,-76.47661,3.471271
20240166,2024-04-28,2024-05-02,El Retiro,30-49,-76.506641,3.403796
20240310,2024-04-29,2024-05-03,El Retiro,30-49,-76.516001,3.396584
20240087,2024-04-30,2024-05-14,El Retiro,0-14,-76.506668,3.401767
20240161,2024-04-30,2024-05-11,Aguablanca,0-14,-76.473206,3.391648
20240059,2024-05-01,2024-05-14,La Base,50+,-76.489631,3.485381
20240065,2024-05-01,2024-05-04,El Retiro,15-29,-76.519903,3.402089
20240388,2024-05-03,2024-05-11,Melendez,30-49,-76.538584,3.41227
20240145,2024-05-05,2024-05-17,Siloe,0-14,-76.573644,3.418021
20240086,2024-05-06,2024-05-14,Floralia,0-14,-76.543861,3.49003
20240474,2024-05-06,2024-05-16,San Nicolas,30-49,-76.516405,3.435598
20240407,2024-05-08,2024-05-22,Aguablanca,15-29,-76.458867,3.407328
20240441,2024-05-08,2024-05-17,El Retiro,0-14,-76.510291,3.402398
20240316,2024-05-10,2024-05-18,El Retiro,15-29,-76.507248,3.39534
20240415,2024-05-11,2024-05-17,Siloe,15-29,-76.562421,3.423664
20240444,2024-05-11,2024-05-19,El Retiro,15-29,-76.511225,3.390469
20240213,2024-05-12,2024-05-16,El Retiro,0-14,-76.490504,3.398088
20240463,2024-05-12,2024-05-15,La Base,30-49,-76.463179,3.461527
20240177,2024-05-13,2024-05-17,Siloe,50+,-76.565185,3.417725
20240214,2024-05-13,2024-05-23,Siloe,15-29,-76.563462,3.419168
20240446,2024-05-13,2024-05-27,Siloe,30-49,-76.565836,3.421336
20240082,2024-05-14,2024-05-21,Siloe,15-29,-76.56758,3.420273
20240181,2024-05-14,2024-05-26,Siloe,0-14,-76.567304,3.422395
20240219,2024-05-14,2024-05-24,El Retiro,0-14,-76.509087,3.398586
20240242,2024-05-14,2024-05-22,Siloe,0-14,-76.560401,3.41956
20240252,2024-05-14,2024-05-18,Siloe,50+,-76.562954,3.41814
20240436,2024-05-14,2024-05-26,Siloe,50+,-76.569245,3.416011
20240012,2024-05-15,2024-05-21,Siloe,0-14,-76.567026,3.422101
20240141,2024-05-15,2024-05-24,Melendez,0-14,-76.559832,3.379029
20240117,2024-05-16,2024-05-19,Siloe,50+,-76.565399,3.420065
20240223,2024-05-16,2024-05-27,Siloe,15-29,-76.566337,3.424136
20240366,2024-05-16,2024-05-19,El Retiro,0-14,-76.502741,3.397478
20240372,2024-05-16,2024-05-29,Siloe,50+,-76.56459,3.420574
20240419,2024-05-16,2024-05-24,Siloe,0-14,-76.565834,3.421135
20240028,2024-05-17,2024-05-20,Siloe,30-49,-76.565197,3.413453
20240051,2024-05-17,2024-05-31,Siloe,30-49,-76.562252,3.420912
20240073,2024-05-17,2024-05-27,Siloe,0-14,-76.566784,3.420296
20240123,2024-05-17,2024-05-26,Siloe,50+,-76.563565,3.418776
20240148,2024-05-17,2024-05-25,Siloe,15-29,-76.561245,3.418848
20240160,2024-05-17,2024-05-25,Siloe,0-14,-76.567962,3.417796
20240195,2024-05-17,2024-05-31,Siloe,0-14,-76.566744,3.422436
20240210,2024-05-17,2024-05-31,Siloe,50+,-76.569087,3.41777
20240235,2024-05-17,2024-05-21,La Base,0-14,-76.5075,3.462086
20240288,2024-05-17,2024-05-24,Siloe,15-29,-76.561981,3.41932
20240294,2024-05-17,2024-05-31,Siloe,50+,-76.568514,3.41706
20240406,2024-05-17,2024-05-28,Siloe,0-14,-76.565765,3.421528
20240110,2024-05-18,2024-05-31,Siloe,0-14,-76.565791,3.42162
20240185,2024-05-18,2024-05-28,Siloe,50+,-76.563559,3.421996
20240230,2024-05-18,2024-05-26,San Nicolas,50+,-76.52457,3.457644
20240254,2024-05-18,2024-05-24,Siloe,30-49,-76.56699,3.41939
20240370,2024-05-18,2024-05-29,Siloe,15-29,-76.567908,3.421727
20240430,2024-05-18,2024-05-28,Siloe,15-29,-76.564985,3.422704
20240476,2024-05-18,2024-05-29,Siloe,50+,-76.564208,3.418442
20240025,2024-05-19,2024-05-28,Siloe,50+,-76.564594,3.420487
20240061,2024-05-19,2024-05-26,Siloe,50+,-76.565728,3.423253
20240064,2024-05-19,2024-05-27,Siloe,15-29,-76.563705,3.415304
20240116,2024-05-19,2024-05-30,Siloe,30-49,-76.565996,3.419818
20240168,2024-05-19,2024-05-29,Siloe,30-49,-76.564633,3.416588
20240175,2024-05-19,2024-06-01,El Retiro,0-14,-76.514303,3.40446
20240346,2024-05-19,2024-05-26,Siloe,15-29,-76.569412,3.418756
20240451,2024-05-19,2024-05-27,Siloe,0-14,-76.569441,3.399921
20240481,2024-05-19,2024-05-22,Siloe,50+,-76.565226,3.42224
20240498,2024-05-19,2024-06-01,Siloe,30-49,-76.56907,3.420791
20240003,2024-05-20,2024-05-26,Siloe,50+,-76.564263,3.416945
20240040,2024-05-20,2024-05-26,Siloe,50+,-76.566111,3.419285
20240201,2024-05-20,2024-05-25,Siloe,30-49,-76.567539,3.417465
20240240,2024-05-20,2024-05-24,Siloe,30-49,-76.565304,3.417375
20240355,2024-05-20,2024-05-25,Siloe,0-14,-76.562744,3.420468
20240369,2024-05-20,2024-05-24,Siloe,0-14,-76.566861,3.415896
20240440,2024-05-20,2024-05-31,Siloe,15-29,-76.566943,3.418748
20240458,2024-05-20,2024-05-29,Siloe,15-29,-76.566166,3.420341
20240471,2024-05-20,2024-05-29,Siloe,15-29,-76.569694,3.422406
20240053,2024-05-21,2024-05-29,Siloe,15-29,-76.562858,3.423357
20240142,2024-05-21,2024-06-01,Siloe,15-29,-76.564287,3.420523
20240147,2024-05-21,2024-06-01,Siloe,15-29,-76.565825,3.42042
20240174,2024-05-21,2024-06-01,Siloe,0-14,-76.564443,3.417206
20240194,2024-05-21,2024-06-02,El Retiro,0-14,-76.520709,3.403844
20240234,2024-05-21,2024-05-28,Siloe,30-49,-76.570599,3.421377
20240291,2024-05-21,2024-05-25,Siloe,15-29,-76.564991,3.418951
20240432,2024-05-21,2024-05-30,Siloe,30-49,-76.566902,3.420028
20240492,2024-05-21,2024-06-03,Floralia,50+,-76.505858,3.502607
20240006,2024-05-22,2024-05-26,Siloe,0-14,-76.566013,3.42247
20240034,2024-05-22,2024-05-31,El Retiro,0-14,-76.517471,3.397264
20240058,2024-05-22,2024-05-28,Siloe,50+,-76.564324,3.419656
20240187,2024-05-22,2024-05-28,Siloe,0-14,-76.56319,3.419847
20240283,2024-05-22,2024-05-25,Melendez,30-49,-76.555013,3.381255
20240319,2024-05-22,2024-06-02,Siloe,30-49,-76.56759,3.417614
20240322,2024-05-22,2024-05-31,Siloe,50+,-76.570927,3.421459
20240391,2024-05-22,2024-05-28,Siloe,0-14,-76.568597,3.419518
20240434,2024-05-22,2024-05-25,Siloe,15-29,-76.566684,3.421079
20240475,2024-05-22,2024-06-05,Siloe,0-14,-76.564705,3.420425
20240050,2024-05-23,2024-06-04,Siloe,15-29,-76.567473,3.419767
20240060,2024-05-23,2024-05-31,Siloe,0-14,-76.566982,3.417413
20240140,2024-05-23,2024-05-28,Siloe,30-49,-76.564005,3.426027
20240164,2024-05-23,2024-05-26,Siloe,15-29,-76.564975,3.41969
20240189,2024-05-23,2024-05-29,Siloe,50+,-76.560691,3.418871
20240206,2024-05-23,2024-05-27,Siloe,30-49,-76.565833,3.417337
20240220,2024-05-23,2024-06-05,El Retiro,30-49,-76.510721,3.395753
20240338,2024-05-23,2024-05-31,Siloe,0-14,-76.568133,3.422781
20240392,2024-05-23,2024-06-04,Siloe,0-14,-76.56405,3.421691
20240485,2024-05-23,2024-06-02,Siloe,50+,-76.565274,3.418809
20240183,2024-05-24,2024-06-01,Siloe,0-14,-76.566233,3.422649
20240350,2024-05-24,2024-06-07,Siloe,0-14,-76.566822,3.419596
20240074,2024-05-25,2024-06-01,Siloe,50+,-76.566182,3.419399
20240197,2024-05-25,2024-06-02,El Retiro,50+,-76.511675,3.400387
20240428,2024-05-25,2024-06-04,Siloe,30-49,-76.564215,3.422458
20240017,2024-05-26,2024-06-08,Siloe,30-49,-76.567855,3.417488
20240115,2024-05-26,2024-06-08,Siloe,50+,-76.565669,3.418251
20240423,2024-05-26,2024-06-04,La Base,30-49,-76.50001,3.478554
20240495,2024-05-26,2024-06-01,Siloe,30-49,-76.566055,3.419291
20240076,2024-05-27,2024-06-01,Siloe,0-14,-76.564763,3.422569
20240348,2024-05-27,2024-06-05,Siloe,15-29,-76.56845,3.41878
20240057,2024-05-29,2024-06-09,El Retiro,50+,-76.523074,3.426292
20240112,2024-05-29,2024-06-10,Siloe,50+,-76.587842,3.407409
20240152,2024-05-31,2024-06-10,Melendez,50+,-76.532011,3.382935
20240154,2024-06-02,2024-06-08,San Nicolas,30-49,-76.516198,3.434757
20240005,2024-06-03,2024-06-12,El Retiro,15-29,-76.513529,3.403471
20240378,2024-06-03,2024-06-17,El Retiro,30-49,-76.517309,3.398034
20240221,2024-06-04,2024-06-09,Floralia,50+,-76.523675,3.486638
20240158,2024-06-05,2024-06-17,El Retiro,15-29,-76.50889,3.403684
20240426,2024-06-05,2024-06-15,El Retiro,50+,-76.513031,3.402696
20240459,2024-06-06,2024-06-11,San Nicolas,30-49,-76.524089,3.450733
20240010,2024-06-07,2024-06-15,Aguablanca,15-29,-76.505323,3.427958
20240500,2024-06-07,2024-06-11,Floralia,0-14,-76.539441,3.504249
20240180,2024-06-09,2024-06-16,El Retiro,50+,-76.523614,3.412179
20240484,2024-06-09,2024-06-21,Melendez,30-49,-76.557876,3.380978
20240069,2024-06-10,2024-06-16,San Nicolas,0-14,-76.560139,3.450421
20240236,2024-06-10,2024-06-16,Floralia,0-14,-76.49834,3.500002
20240332,2024-06-11,2024-06-18,Terron,0-14,-76.562147,3.487347
20240041,2024-06-12,2024-06-20,Floralia,15-29,-76.523792,3.498065
20240153,2024-06-13,2024-06-22,Floralia,30-49,-76.523067,3.462263
20240191,2024-06-13,2024-06-16,La Base,15-29,-76.502649,3.471499
20240229,2024-06-13,2024-06-20,El Retiro,0-14,-76.519271,3.395543
20240477,2024-06-13,2024-06-19,Terron,50+,-76.579672,3.459727
20240277,2024-06-14,2024-06-18,El Retiro,0-14,-76.511139,3.39333
20240465,2024-06-14,2024-06-20,El Retiro,50+,-76.518265,3.402075
20240008,2024-06-15,2024-06-22,Floralia,15-29,-76.519731,3.496286
20240021,2024-06-15,2024-06-23,El Retiro,50+,-76.518944,3.403079
20240353,2024-06-16,2024-06-22,El Retiro,15-29,-76.480308,3.381666
20240267,2024-06-17,2024-06-27,Siloe,15-29,-76.568624,3.429986
20240233,2024-06-19,2024-06-24,Floralia,15-29,-76.527517,3.473462
20240400,2024-06-19,2024-07-03,El Retiro,50+,-76.510095,3.408025
20240128,2024-06-20,2024-06-24,El Retiro,50+,-76.500859,3.377156
20240377,2024-06-20,2024-06-25,El Retiro,50+,-76.512604,3.398141
20240340,2024-06-23,2024-06-27,Melendez,30-49,-76.560508,3.392745
20240251,2024-06-24,2024-07-08,San Nicolas,0-14,-76.548837,3.46851
20240452,2024-06-24,2024-07-06,Siloe,50+,-76.571963,3.432705
20240205,2024-06-28,2024-07-03,Aguablanca,0-14,-76.481337,3.447938
20240365,2024-06-28,2024-07-06,Floralia,30-49,-76.526923,3.463116
20240480,2024-06-28,2024-07-01,San Nicolas,30-49,-76.534996,3.453881
20240199,2024-06-29,2024-07-02,Siloe,30-49,-76.568674,3.404901
20240301,2024-06-29,2024-07-04,Terron,50+,-76.565648,3.489661
